movies like muhammad the messenger of god;https://pixly.app/movie/muhammad-the-messenger-of-god
similar movies like her 2013;https://pixly.app/movie/her-2013
movies like her 2013;https://pixly.app/movie/her-2013
movies similar to her 2013;https://pixly.app/movie/her-2013
similar movies like maze runner;https://pixly.app/movie/the-maze-runner-2014
movies like maze runner;https://pixly.app/movie/the-maze-runner-2014
similar movies like gone girl;https://pixly.app/movie/gone-girl-2014
movies like gone girl;https://pixly.app/movie/gone-girl-2014
similar movies like 300;https://pixly.app/movie/300-2007
movies like 300;https://pixly.app/movie/300-2007
similar movies like existenz;https://pixly.app/movie/existenz-1999
movies like existenz;https://pixly.app/movie/existenz-1999
similar movies like spirited away;https://pixly.app/movie/spirited-away-2001
movies like spirited away;https://pixly.app/movie/spirited-away-2001
similar movies like troy;https://pixly.app/movie/troy-2004
movies like troy;https://pixly.app/movie/troy-2004
similar movies like good will hunting;https://pixly.app/movie/good-will-hunting-1997
movies like good will hunting;https://pixly.app/movie/good-will-hunting-1997
similar movies like life;https://pixly.app/movie/life-2017
movies like life;https://pixly.app/movie/life-2017
movies like limitless;https://pixly.app/movie/limitless-2011
similar movies like limitless;https://pixly.app/movie/limitless-2011
movies similar to limitless;https://pixly.app/movie/limitless-2011
all ladies do it cast;https://pixly.app/movie/all-ladies-do-it-1992
all ladies do it similars;https://pixly.app/movie/all-ladies-do-it-1992
movies like all ladies do it;https://pixly.app/movie/all-ladies-do-it-1992
movies like cheeky;https://pixly.app/movie/cheeky-2000
movies like cheeky 2000;https://pixly.app/movie/cheeky-2000
similar movies like cheeky 2000;https://pixly.app/movie/cheeky-2000
movies like shutter island;https://pixly.app/movie/shutter-island-2010
movies like after;https://pixly.app/movie/after-2019
similar movies like after;https://pixly.app/movie/after-2019
movies similar to after;https://pixly.app/movie/after-2019
movies like matrix;https://pixly.app/movie/the-matrix-1999
similar movies like matrix;https://pixly.app/movie/the-matrix-1999
matrix like movies;https://pixly.app/movie/the-matrix-1999
movies like blade runner;https://pixly.app/movie/blade-runner-1982
similar movies like blade runner;https://pixly.app/movie/blade-runner-1982
movies like city of god;https://pixly.app/movie/city-of-god-2002
similar movies like city of god;https://pixly.app/movie/city-of-god-2002
movies like mindwalk;https://pixly.app/movie/mindwalk-1990
similar movies like mindwalk;https://pixly.app/movie/mindwalk-1990
movies like after;https://pixly.app/movie/after-2019
movies like Knives Out;https://pixly.app/movie/knives-out-2019
similar movies like Knives Out;https://pixly.app/movie/knives-out-2019
movies similar to Knives Out;https://pixly.app/movie/knives-out-2019
movies like burlesque;https://pixly.app/movie/burlesque-2010
similar movies like burlesque;https://pixly.app/movie/burlesque-2010
movies similar to burlesque;https://pixly.app/movie/burlesque-2010
movies like escape room;https://pixly.app/movie/522681-escape-room-2019
similar movies like escape room;https://pixly.app/movie/522681-escape-room-2019
movies similar to escape room;https://pixly.app/movie/522681-escape-room-2019
movies similar to escape room 2019;https://pixly.app/movie/522681-escape-room-2019
movies like booksmart;https://pixly.app/movie/booksmart-2019
similar movies like booksmart;https://pixly.app/movie/booksmart-2019
movies similar to booksmart;https://pixly.app/movie/booksmart-2019
movies like olympus has fallen;https://pixly.app/movie/olympus-has-fallen-2013
similar movies like olympus has fallen;https://pixly.app/movie/olympus-has-fallen-2013
movies similar to olympus has fallen;https://pixly.app/movie/olympus-has-fallen-2013
movies like bird box;https://pixly.app/movie/bird-box-2018
similar movies like bird box;https://pixly.app/movie/bird-box-2018
movies similar to bird box;https://pixly.app/movie/bird-box-2018
